{"fold_3/best_val_auc":0.8422316659518889,"fold_5/val_ap":0.005931570195332248,"fold_3/epoch":22,"fold_4/val_auc":0.580820588576063,"fold_5/final_val_auc":0.8898012976480131,"fold_2/final_val_auc":0.939966470427697,"fold_4/train_loss":0.467220276594162,"fold_4/best_val_auc":0.8795765264743366,"cv_ap_mean":0.0157018010607142,"_runtime":5,"summary_ks":0.638941264724368,"fold_2/epoch":21,"fold_1/final_val_auc":0.8793091348590588,"fold_1/final_val_ap":0.10050635873380347,"fold_3/train_loss":0.49918949604034424,"fold_5/no_improve":17,"summary_auc":0.8731790565468566,"fold_5/val_auc":0.5963488052904111,"fold_1/val_ap":0.05287465542810588,"fold_1/no_improve":17,"fold_2/train_loss":0.4654250741004944,"fold_2/val_ap":0.06599281256645258,"fold_1/epoch":21,"fold_2/best_val_auc":0.939966470427697,"summary_gini":0.7463581130937131,"fold_5/epoch":21,"fold_2/no_improve":17,"fold_3/val_auc":0.6251471792272604,"fold_4/val_ap":0.008522470275880547,"fold_2/val_auc":0.7778938750048735,"fold_5/train_loss":0.5321682095527649,"fold_3/val_ap":0.060950012126627075,"cv_ap_std":0.03668416017786561,"fold_5/final_val_ap":0.011882516136166966,"_wandb":{"runtime":5},"fold_4/best_epoch":3,"cv_auc_mean":0.8731790565468566,"fold_5/best_epoch":3,"fold_4/epoch":21,"summary_label":"deep","fold_5/best_val_auc":0.8898012976480131,"summary_ap":0.0157018010607142,"fold_3/final_val_auc":0.8422316659518889,"fold_4/no_improve":17,"fold_1/train_loss":0.501035213470459,"fold_1/best_val_auc":0.8793091348590588,"fold_1/val_auc":0.800701781745877,"fold_4/final_val_ap":0.02148371485931789,"cv_auc_std":0.03139544192805342,"fold_2/best_epoch":3,"fold":5,"fold_4/final_val_auc":0.8795765264743366,"fold_3/final_val_ap":0.02741375890578052,"mean_best_epoch":3.2,"fold_1/best_epoch":3,"fold_3/best_epoch":4,"fold_3/no_improve":17,"_step":112,"fold_2/final_val_ap":0.08744075903484319,"_timestamp":1.7578974317965345e+09,"fold_summary_table":{"size":422,"log_mode":"IMMUTABLE","_latest_artifact_path":"wandb-client-artifact://myr9zkxcx43cokbg0dzs6qr6kkf25d8v1cmwuqmrakecu3c2o9kthsvlry39hr0z2z5han7t1bosi6lvj4i7rbpkbj3t7xq4nh7sf9cp6jk0nnwmju5931gzq2hxneie:latest/fold_summary_table.table.json","sha256":"b25455eb2f1506b9d09397c1715d5467fb0093a4314fa1802a6f0bddd62b53ce","ncols":5,"artifact_path":"wandb-client-artifact://a30hrohuttxgv1ee828bqjyek9pgmergtviqplz1a9fb10o1wyvk07xvy1nc8mz1i50h2ukvurtekss1qz9uyyw7527d6ou0n8zv9v6eofryalkgoo48xjw4r19crkq9/fold_summary_table.table.json","_type":"table-file","path":"media/table/fold_summary_table_112_b25455eb2f1506b9d093.table.json","nrows":5}}