{"_wandb":{"runtime":2653},"_step":119,"ap":0.8811331156294617,"auc":0.8652678160459065,"_timestamp":1.7578346249426913e+09,"_runtime":2653,"label":"oof","ks":0.5563991337105992,"trial":120,"gini":0.730535632091813}