{"final/cv_ks":0.5209021054164293,"cv/fold_5_final_auc":0.8829075425790754,"fold_4/epoch":25,"fold_2/epoch":83,"cv/fold_2_best_epoch":63,"fold_3/best_auc":0.8844165464540528,"final/cv_logloss":0,"final/cv_auc_std":0.023254419375301937,"cv/fold_4_final_auc":0.897632806163828,"cv/fold_5_best_epoch":2,"fold_1/learning_rate":0.0009365155281014004,"fold_4/no_improve":20,"_wandb":{"runtime":3219},"fold_4/learning_rate":0.0009743786030642577,"fold_2/val_auc":0.8922336153456274,"dataset/n_samples":49389,"fold_4/best_auc":0.897632806163828,"fold_3/val_ap":0.159561746174355,"final/cv_auc_mean":0.7829330344992409,"fold_1/best_auc":0.915864166244298,"fold_5/train_loss":0.04643037170171738,"fold_5/no_improve":20,"fold_5/epoch":22,"fold_5/best_auc":0.8829075425790754,"fold_1/val_auc":0.8831494405239971,"model/total_parameters":409153,"fold_4/val_ap":0.01896835234737711,"final/cv_ap":0.0445836716066756,"fold_1/train_loss":0.01940758526325226,"dataset/positive_rate":0.0013363299520136062,"fold_5/val_ap":0.08168072543726664,"fold_4/train_loss":0.0028418891597539186,"fold_5/val_auc":0.7753797803980286,"fold_5/learning_rate":0.000983338136547409,"_timestamp":1.757912942969712e+09,"fold_1/no_improve":20,"final/deciles_table":{"nrows":10,"ncols":11,"path":"media/table/final/deciles_table_234_0e6d98bcf24255f3d0cb.table.json","size":1404,"artifact_path":"wandb-client-artifact://0zbvd7e0je63tqm7b10gyfo0ko08hikhosqq6mnwm90upy97tgfv5julf84fuluao82xy4alz85fbvatt5pzhgoajj72runtlaafz5bn8vehv59ai9ppyjhlb7i4gke1/final/deciles_table.table.json","sha256":"0e6d98bcf24255f3d0cbfe3c45e59a075f6d775bc8adfec1be9fb8dc7c499cf7","_latest_artifact_path":"wandb-client-artifact://6ssh4rnsqbjivflhlltuk3ukzkcbjmrmol1jhqxyme3jt5wioerv3zpxh2mib73y8faidukbzilmq3jinikb1swbp70gqoj3mimlgnq38tk6dmip6dodwjvn4ptxlp4f:latest/final/deciles_table.table.json","_type":"table-file","log_mode":"IMMUTABLE"},"fold_3/epoch":62,"final/cv_gini":0.5658660689984818,"fold_2/val_ap":0.06153203814742418,"cv/fold_3_best_epoch":42,"fold_2/train_loss":0.014617967419326305,"final/cv_brier":0,"fold_2/learning_rate":0.000519276200067616,"cv/fold_1_best_epoch":14,"model/trainable_parameters":409153,"fold_3/train_loss":0.0253074299544096,"cv/fold_3_final_auc":0.8844165464540528,"fold_4/val_auc":0.8535185667941142,"cv/fold_2_final_auc":0.9452493274591602,"dataset/n_features":571,"fold_2/best_auc":0.9452493274591602,"cv/fold_4_best_epoch":5,"fold_3/learning_rate":0.0007294965502651315,"_runtime":3219,"cv/fold_1_final_auc":0.915864166244298,"model/parameter_efficiency":716.555166374781,"fold_3/no_improve":20,"dataset/target_name":"label","fold_1/epoch":34,"_step":234,"fold_3/val_auc":0.7873601309992593,"dataset/n_positives":66,"fold_1/val_ap":0.08957679808730581,"fold_2/no_improve":20}