{
  "trial": 52,
  "params": {
    "eta": 0.011277080728787964,
    "max_depth": 8,
    "min_child_weight": 0.4030383128408118,
    "subsample": 0.6499694717222572,
    "colsample_bytree": 0.8018123960771946,
    "gamma": 0.9566487608841181,
    "reg_alpha": 0.03311672474015152,
    "reg_lambda": 2.5381915798039425,
    "scale_pos_weight": 0.9221249270285689,
    "n_estimators": 1063
  },
  "auc": 0.8683169301373204,
  "ap": 0.8845320541618172
}