{
  "calibration_auc": 0.8683169301373204,
  "calibration_ap": 0.8845320541618172
}