{"_wandb":{"runtime":1860},"_step":120,"oof_cal_auc":0.8683169301373204,"gini":0.730535632091813,"ks":0.5563991337105992,"_timestamp":1.7578642679834433e+09,"label":"oof","auc":0.8652678160459065,"oof_cal_ap":0.8845320541618172,"ap":0.8811331156294617,"_runtime":1860,"trial":120}