{
  "coef": [
    5.046936884783066,
    0.412471964712944
  ],
  "intercept": -2.706020414203332
}