{
  "coef": [
    2.7867156128786115,
    4.098920440664094
  ],
  "intercept": -6.678210306106606
}