{"ap":0.8811331156294617,"label":"oof","auc":0.8652678160459065,"_wandb":{"runtime":2174},"ks":0.5563991337105992,"trial":120,"oof_cal_auc":0.8683169301373204,"_step":120,"_timestamp":1.7578374845300236e+09,"oof_cal_ap":0.8845320541618172,"_runtime":2174,"gini":0.730535632091813}