{
  "trial": 20,
  "params": {
    "eta": 0.019919488770930947,
    "max_depth": 8,
    "min_child_weight": 0.12949042865580274,
    "subsample": 0.8219409877565933,
    "colsample_bytree": 0.7483689135449755,
    "gamma": 2.085254046019693,
    "reg_alpha": 0.17100384999997956,
    "reg_lambda": 0.018559042713452455,
    "scale_pos_weight": 1.0,
    "n_estimators": 2419
  },
  "auc": 0.9009678931520669,
  "ap": 0.12322925340743787
}