{
  "calibration_auc": 0.9009678931520669,
  "calibration_ap": 0.12322925340743787
}