{"_step":120,"auc":0.7839592015280842,"ap":0.09805932832042819,"_wandb":{"runtime":5133},"_runtime":5133,"ks":0.45370774836744054,"gini":0.5679184030561684,"label":"oof","trial":120,"_timestamp":1.7578974179514277e+09,"oof_cal_ap":0.12322925340743787,"oof_cal_auc":0.9009678931520669}