{
  "label": "fttr",
  "auc": 0.7829330344992409,
  "ap": 0.0445836716066756,
  "gini": 0.5658660689984818,
  "ks": 0.5209021054164293
}