{
  "label": "deep",
  "auc": 0.8731790565468566,
  "ap": 0.0157018010607142,
  "gini": 0.7463581130937131,
  "ks": 0.638941264724368
}